﻿{"cameraMode":{"drawMode":0,"name":"Shaded","section":"Shading Mode"},"sceneLighting":true,"audioPlay":false,"sceneViewState":{"showFog":true,"showMaterialUpdate":false,"showSkybox":true,"showFlares":true,"showImageEffects":true,"showParticleSystems":true},"in2DMode":false,"pivot":{"x":0.6952499151229858,"y":0.8137412667274475,"z":0.9715101718902588},"rotation":{"x":-0.0024765972048044206,"y":0.9772687554359436,"z":-0.21168124675750733,"w":-0.011433755978941918},"size":12.936163902282715,"orthographic":false}