﻿{"cameraMode":{"drawMode":0,"name":"Shaded","section":"Shading Mode"},"sceneLighting":true,"audioPlay":false,"sceneViewState":{"showFog":true,"showMaterialUpdate":false,"showSkybox":true,"showFlares":true,"showImageEffects":true,"showParticleSystems":true},"in2DMode":false,"pivot":{"x":1.1440536975860596,"y":3.656020402908325,"z":-2.4309499263763429},"rotation":{"x":-0.10167653858661652,"y":-0.05339876934885979,"z":0.00546566816046834,"w":-0.9933683276176453},"size":14.815381050109864,"orthographic":false}